kmer,count,canonical
AAAAAAA,4,AAAAAAA
AAAAAAC,2,AAAAAAC
AAAAAAG,2,AAAAAAG
AAAAAAT,3,AAAAAAT
AAAAACA,2,AAAAACA
AAAAACG,1,AAAAACG
AAAAACT,1,AAAAACT
AAAAAGA,1,AAAAAGA
AAAAAGC,1,AAAAAGC
AAAAAGG,2,AAAAAGG
AAAAAGT,1,AAAAAGT
AAAAATA,1,AAAAATA
AAAAATC,3,AAAAATC
AAAAATT,1,AAAAATT
AAAACAG,1,AAAACAG
AAAACAT,3,AAAACAT
AAAACGA,1,AAAACGA
AAAACGC,1,AAAACGC
AAAACGT,2,AAAACGT
AAAACTC,1,AAAACTC
AAAACTT,1,AAAACTT
AAAAGAA,1,AAAAGAA
AAAAGAG,3,AAAAGAG
AAAAGCC,1,AAAAGCC
AAAAGCG,1,AAAAGCG
AAAAGCT,1,AAAAGCT
AAAAGGC,1,AAAAGGC
AAAAGGG,1,AAAAGGG
AAAAGTC,1,AAAAGTC
AAAAGTG,2,AAAAGTG
AAAAGTT,1,AAAAGTT
AAAATAG,2,AAAATAG
AAAATAT,1,AAAATAT
AAAATCC,2,AAAATCC
AAAATCG,4,AAAATCG
AAAATGA,1,AAAATGA
AAAATGG,2,AAAATGG
AAAATTA,1,AAAATTA
AAAATTT,1,AAAATTT
AAACAAC,1,AAACAAC
AAACAAT,1,AAACAAT
AAACACT,2,AAACACT
AAACAGG,2,AAACAGG
AAACATA,1,AAACATA
AAACATC,2,AAACATC
AAACATG,2,AAACATG
AAACCAA,1,AAACCAA
AAACCAC,1,AAACCAC
AAACCAG,1,AAACCAG
AAACCCT,1,AAACCCT
AAACCGA,1,AAACCGA
AAACCGG,2,AAACCGG
AAACCGT,1,AAACCGT
AAACCTC,1,AAACCTC
AAACCTG,2,AAACCTG
AAACCTT,1,AAACCTT
AAACGAC,2,AAACGAC
AAACGAG,1,AAACGAG
AAACGCT,1,AAACGCT
AAACGGC,1,AAACGGC
AAACGGG,1,AAACGGG
AAACGTC,2,AAACGTC
AAACGTG,3,AAACGTG
AAACGTT,3,AAACGTT
AAACTAC,2,AAACTAC
AAACTAT,2,AAACTAT
AAACTCT,1,AAACTCT
AAACTGC,1,AAACTGC
AAACTTC,2,AAACTTC
AAAGAAC,1,AAAGAAC
AAAGAAG,2,AAAGAAG
AAAGAAT,2,AAAGAAT
AAAGACC,3,AAAGACC
AAAGACG,1,AAAGACG
AAAGAGA,2,AAAGAGA
AAAGAGC,2,AAAGAGC
AAAGAGT,2,AAAGAGT
AAAGATG,1,AAAGATG
AAAGCAA,1,AAAGCAA
AAAGCAT,1,AAAGCAT
AAAGCCG,2,AAAGCCG
AAAGCGT,2,AAAGCGT
AAAGCTG,3,AAAGCTG
AAAGCTT,1,AAAGCTT
AAAGGAA,1,AAAGGAA
AAAGGAT,1,AAAGGAT
AAAGGCA,3,AAAGGCA
AAAGGCG,2,AAAGGCG
AAAGGGA,1,AAAGGGA
AAAGGGT,1,AAAGGGT
AAAGGTG,3,AAAGGTG
AAAGGTT,2,AAAGGTT
AAAGTAC,1,AAAGTAC
AAAGTAG,1,AAAGTAG
AAAGTAT,1,AAAGTAT
AAAGTCA,1,AAAGTCA
AAAGTCC,1,AAAGTCC
AAAGTCG,1,AAAGTCG
AAAGTCT,1,AAAGTCT
AAAGTGC,2,AAAGTGC
